Workbook

Sheet Samenvatting
A1: EMC — prijsvoorstel (AUD), 24-9-2026 — gedifferentieerd
A2: Benchmark: Julia Raven (juliaraven.com, AU/NZ, AUD), product export 24-9-2026. Let op: Julia Raven is een damesstore met 84 herenproducten — herencategorieën zijn dun (n 1–23). Waar herendata ontbreekt (shirts, polos, sweaters, sandalen, swimwear) is de damescategorie als proxy gebruikt; dat staat per regel in kolom L.
A3: Regel: per groep tussen het onderste kwartiel (P25) en de mediaan van Julia Raven, max +A$20 per product. Grootste stappen waar EMC het verst onder de markt zit (loafers, nette schoenen, overhemden, jeans). Shorts en swimwear ongewijzigd: Julia Raven zit daar zelf op A$54,95. T-shirts/polos +A$5. Compare-at houdt per product het huidige kortingspercentage.
A4: Gele cellen op tabblad Voorstel (kolom I) mag je aanpassen; compare-at, verhoging en "nog onder JR-mediaan" rekenen mee.
A6: Groep | B6: Aantal | C6: Prijs nu (gem.) | D6: Voorstel (gem.) | E6: Verhoging (gem.) | F6: JR P25 | G6: JR mediaan | H6: Nog onder JR-mediaan | I6: Julia Raven-referentie | J6: JR n
A7: Men's Trousers | B7: =COUNTIF(Voorstel!$C$2:$C$342,A7) -> 59 | C7: =AVERAGEIF(Voorstel!$C$2:$C$342,A7,Voorstel!$F$2:$F$342) -> 64.95 | D7: =AVERAGEIF(Voorstel!$C$2:$C$342,A7,Voorstel!$I$2:$I$342) -> 69.95 | E7: =D7-C7 -> 5 | F7: 66.2 | G7: 69.95 | H7: =G7-D7 -> 0 | I7: JR men's trousers | J7: 6
A8: Men's Shorts | B8: =COUNTIF(Voorstel!$C$2:$C$342,A8) -> 58 | C8: =AVERAGEIF(Voorstel!$C$2:$C$342,A8,Voorstel!$F$2:$F$342) -> 54.95 | D8: =AVERAGEIF(Voorstel!$C$2:$C$342,A8,Voorstel!$I$2:$I$342) -> 54.95 | E8: =D8-C8 -> 0 | F8: 54.95 | G8: 54.95 | H8: =G8-D8 -> 0 | I8: JR men's shorts | J8: 6
A9: Shirts — T-shirts & polos | B9: =COUNTIF(Voorstel!$C$2:$C$342,A9) -> 39 | C9: =AVERAGEIF(Voorstel!$C$2:$C$342,A9,Voorstel!$F$2:$F$342) -> 57.001282 | D9: =AVERAGEIF(Voorstel!$C$2:$C$342,A9,Voorstel!$I$2:$I$342) -> 59.95 | E9: =D9-C9 -> 2.9487179 | F9: 64.95 | G9: 69.95 | H9: =G9-D9 -> 10 | I9: geen JR-herendata; proxy tank tops (dames) | J9: 16
A10: Shirts — Overhemden & rugby | B10: =COUNTIF(Voorstel!$C$2:$C$342,A10) -> 36 | C10: =AVERAGEIF(Voorstel!$C$2:$C$342,A10,Voorstel!$F$2:$F$342) -> 59.533333 | D10: =AVERAGEIF(Voorstel!$C$2:$C$342,A10,Voorstel!$I$2:$I$342) -> 69.95 | E10: =D10-C10 -> 10.416667 | F10: 79.95 | G10: 84.95 | H10: =G10-D10 -> 15 | I10: JR men's shirt n=1 (64,95); proxy blouses (dames) | J10: 14
A11: Shoes — Loafers | B11: =COUNTIF(Voorstel!$C$2:$C$342,A11) -> 35 | C11: =AVERAGEIF(Voorstel!$C$2:$C$342,A11,Voorstel!$F$2:$F$342) -> 74.95 | D11: =AVERAGEIF(Voorstel!$C$2:$C$342,A11,Voorstel!$I$2:$I$342) -> 89.95 | E11: =D11-C11 -> 15 | F11: 112.45 | G11: 124.95 | H11: =G11-D11 -> 35 | I11: JR men's loafers (3: 99,95–124,95); dames flats & loafers P25 94,95 | J11: 3
A12: Men's Hoodies | B12: =COUNTIF(Voorstel!$C$2:$C$342,A12) -> 17 | C12: =AVERAGEIF(Voorstel!$C$2:$C$342,A12,Voorstel!$F$2:$F$342) -> 69.95 | D12: =AVERAGEIF(Voorstel!$C$2:$C$342,A12,Voorstel!$I$2:$I$342) -> 74.95 | E12: =D12-C12 -> 5 | F12: 69.95 | G12: 74.95 | H12: =G12-D12 -> 0 | I12: JR men's hoodies | J12: 9
A13: Men's Jeans | B13: =COUNTIF(Voorstel!$C$2:$C$342,A13) -> 16 | C13: =AVERAGEIF(Voorstel!$C$2:$C$342,A13,Voorstel!$F$2:$F$342) -> 64.95 | D13: =AVERAGEIF(Voorstel!$C$2:$C$342,A13,Voorstel!$I$2:$I$342) -> 74.95 | E13: =D13-C13 -> 10 | F13: 68.7 | G13: 82.45 | H13: =G13-D13 -> 7.5 | I13: JR men's jeans | J13: 6
A14: Men's Sandals | B14: =COUNTIF(Voorstel!$C$2:$C$342,A14) -> 16 | C14: =AVERAGEIF(Voorstel!$C$2:$C$342,A14,Voorstel!$F$2:$F$342) -> 54.95 | D14: =AVERAGEIF(Voorstel!$C$2:$C$342,A14,Voorstel!$I$2:$I$342) -> 59.95 | E14: =D14-C14 -> 5 | F14: 64.95 | G14: 64.95 | H14: =G14-D14 -> 5 | I14: JR men's sandals n=1 (94,95); proxy sandals (dames) | J14: 22
A15: Men's Jackets & Coats | B15: =COUNTIF(Voorstel!$C$2:$C$342,A15) -> 16 | C15: =AVERAGEIF(Voorstel!$C$2:$C$342,A15,Voorstel!$F$2:$F$342) -> 89.95 | D15: =AVERAGEIF(Voorstel!$C$2:$C$342,A15,Voorstel!$I$2:$I$342) -> 94.95 | E15: =D15-C15 -> 5 | F15: 89.95 | G15: 99.95 | H15: =G15-D15 -> 5 | I15: JR men's jackets | J15: 13
A16: Shoes — Sneakers & casual | B16: =COUNTIF(Voorstel!$C$2:$C$342,A16) -> 13 | C16: =AVERAGEIF(Voorstel!$C$2:$C$342,A16,Voorstel!$F$2:$F$342) -> 72.642308 | D16: =AVERAGEIF(Voorstel!$C$2:$C$342,A16,Voorstel!$I$2:$I$342) -> 74.95 | E16: =D16-C16 -> 2.3076923 | F16: 64.95 | G16: 79.95 | H16: =G16-D16 -> 5 | I16: JR men's sneakers/casual | J16: 23
A17: Men's Swimwear | B17: =COUNTIF(Voorstel!$C$2:$C$342,A17) -> 12 | C17: =AVERAGEIF(Voorstel!$C$2:$C$342,A17,Voorstel!$F$2:$F$342) -> 54.95 | D17: =AVERAGEIF(Voorstel!$C$2:$C$342,A17,Voorstel!$I$2:$I$342) -> 54.95 | E17: =D17-C17 -> 0 | F17: 49.95 | G17: 52.45 | H17: =G17-D17 -> -2.5 | I17: geen JR-herendata; proxy swimwear (dames) | J17: 6
A18: Shoes — Dress shoes | B18: =COUNTIF(Voorstel!$C$2:$C$342,A18) -> 8 | C18: =AVERAGEIF(Voorstel!$C$2:$C$342,A18,Voorstel!$F$2:$F$342) -> 84.95 | D18: =AVERAGEIF(Voorstel!$C$2:$C$342,A18,Voorstel!$I$2:$I$342) -> 99.95 | E18: =D18-C18 -> 15 | F18: 104.95 | G18: 104.95 | H18: =G18-D18 -> 5 | I18: JR men's dress shoes (oxford/derby) | J18: 3
... A23: Trousers — instap | B23: =COUNTIF(Voorstel!$C$2:$C$342,A23) -> 1 | C23: =AVERAGEIF(Voorstel!$C$2:$C$342,A23,Voorstel!$F$2:$F$342) -> 54.95 | D23: =AVERAGEIF(Voorstel!$C$2:$C$342,A23,Voorstel!$I$2:$I$342) -> 64.95 | E23: =D23-C23 -> 10 | F23: 66.2 | G23: 69.95 | H23: =G23-D23 -> 5 | I23: JR men's trousers | J23: 6
A25: Alle producten | B25: =SUM(B7:B23) -> 341 | C25: =AVERAGE(Voorstel!$F$2:$F$342) -> 64.202199 | D25: =AVERAGE(Voorstel!$I$2:$I$342) -> 69.876686 | E25: =D25-C25 -> 5.6744868 | G25: =AVERAGE(Voorstel!$O$2:$O$342) -> 77.384018 | H25: =G25-D25 -> 7.5073314
A27: Gemiddelde verhoging | C27: =D25/C25-1 -> 0.088384617
A28: Producten ongewijzigd | C28: =COUNTIF(Voorstel!$K$2:$K$342,0) -> 98
A29: Producten +A$5 | C29: =COUNTIF(Voorstel!$K$2:$K$342,5) -> 146
A30: Producten +A$10 | C30: =COUNTIF(Voorstel!$K$2:$K$342,10) -> 50
A31: Producten +A$15 | C31: =COUNTIF(Voorstel!$K$2:$K$342,15) -> 47
A33: Kanttekeningen
A34: • EMC is op 21-9 al verlaagd (gem. A$72,75 → 64,20). Dit voorstel zet de groepen die het verst onder de markt zitten terug omhoog: loafers 74,95 → 89,95 (was 89,95 vóór 21-9), nette schoenen 84,95 → 99,95 (was 99,95), jeans 64,95 → 74,95, overhemden 59,95 → 69,95.
A35: • Julia Raven heeft slechts 84 herenproducten. Voor shorts (n=6, allemaal 49,95–54,95) en sneakers (P25 64,95) zit EMC al op hun niveau; daarom daar 0 of +5.
A36: • 2 damesschoenen in de herenstore ("Brown Slip On Shoe For Women", "Casual Shoe For Women") gaan mee in hun schoenengroep; nog steeds opruimen (zie doc 16).
A37: • Doorvoeren in één batch via de Shopify-connector (productVariantsBulkUpdate, prijs + compare-at, alle varianten). Daarna 14 dagen meten.

Sheet Voorstel
A1: Handle | B1: Titel | C1: Groep | D1: Type (Shopify) | E1: Varianten | F1: Prijs nu | G1: Compare-at nu | H1: Korting nu | I1: Voorstel: prijs | J1: Voorstel: compare-at | K1: Verhoging | L1: Julia Raven-referentie | M1: JR n | N1: JR P25 | O1: JR mediaan | P1: Nog onder JR-mediaan
A2: mens-cable-knit-sweatshirt-quarter-zip-collar-ribbed-hem-knit | B2: Men's Cable Knit Sweatshirt | Quarter-Zip Collar Ribbed Hem Knit | C2: Men's Hoodies | D2: Hoodies | E2: 35 | F2: 69.95 | G2: 116.95 | H2: =1-F2/G2 -> 0.40188115 | I2: 74.95 | J2: =ROUNDUP(I2/(1-H2),0)-0.05 -> 125.95 | K2: =I2-F2 -> 5 | L2: JR men's hoodies | M2: 9 | N2: 69.95 | O2: 74.95 | P2: =O2-I2 -> 0
A3: mens-hooded-sweatshirt-full-zip-knit-relaxed-fit-pockets | B3: Men's Hooded Sweatshirt | Full Zip Knit Relaxed Fit Pockets | C3: Men's Hoodies | D3: Hoodies | E3: 28 | F3: 69.95 | G3: 139.95 | H3: =1-F3/G3 -> 0.50017864 | I3: 74.95 | J3: =ROUNDUP(I3/(1-H3),0)-0.05 -> 149.95 | K3: =I3-F3 -> 5 | L3: JR men's hoodies | M3: 9 | N3: 69.95 | O3: 74.95 | P3: =O3-I3 -> 0
A4: mens-hoodie-half-zip-pullover-fleece-knit | B4: Men's Hoodie | Half Zip Pullover Fleece Knit | C4: Men's Hoodies | D4: Men's Jacket | E4: 72 | F4: 69.95 | G4: 116.95 | H4: =1-F4/G4 -> 0.40188115 | I4: 74.95 | J4: =ROUNDUP(I4/(1-H4),0)-0.05 -> 125.95 | K4: =I4-F4 -> 5 | L4: JR men's hoodies | M4: 9 | N4: 69.95 | O4: 74.95 | P4: =O4-I4 -> 0
A5: mens-hoodie-pullover-hood-drawstring-kangaroo-pocket-knit | B5: Men's Hoodie | Pullover Hood Drawstring Kangaroo Pocket Knit | C5: Men's Hoodies | D5: Hoodie | E5: 35 | F5: 69.95 | G5: 116.95 | H5: =1-F5/G5 -> 0.40188115 | I5: 74.95 | J5: =ROUNDUP(I5/(1-H5),0)-0.05 -> 125.95 | K5: =I5-F5 -> 5 | L5: JR men's hoodies | M5: 9 | N5: 69.95 | O5: 74.95 | P5: =O5-I5 -> 0
A6: mens-hoodie-quarter-button-ribbed-knit-elbow-patch | B6: Men's Hoodie | Quarter-Button Ribbed Knit Elbow Patch | C6: Men's Hoodies | D6: Sweatshirts | E6: 42 | F6: 69.95 | G6: 127.95 | H6: =1-F6/G6 -> 0.45330207 | I6: 74.95 | J6: =ROUNDUP(I6/(1-H6),0)-0.05 -> 137.95 | K6: =I6-F6 -> 5 | L6: JR men's hoodies | M6: 9 | N6: 69.95 | O6: 74.95 | P6: =O6-I6 -> 0
A7: mens-hoodie-quarter-zip-hood-cargo-pockets-knit | B7: Men's Hoodie | Quarter-Zip Hood Cargo Pockets Knit | C7: Men's Hoodies | D7: Hoodies | E7: 56 | F7: 69.95 | G7: 127.95 | H7: =1-F7/G7 -> 0.45330207 | I7: 74.95 | J7: =ROUNDUP(I7/(1-H7),0)-0.05 -> 137.95 | K7: =I7-F7 -> 5 | L7: JR men's hoodies | M7: 9 | N7: 69.95 | O7: 74.95 | P7: =O7-I7 -> 0
A8: mens-hoodie-zip-closure-hood-knit-reversible | B8: Men's Hoodie | Zip Closure Hood Knit Reversible | C8: Men's Hoodies | D8: Clothing | E8: 35 | F8: 69.95 | G8: 139.95 | H8: =1-F8/G8 -> 0.50017864 | I8: 74.95 | J8: =ROUNDUP(I8/(1-H8),0)-0.05 -> 149.95 | K8: =I8-F8 -> 5 | L8: JR men's hoodies | M8: 9 | N8: 69.95 | O8: 74.95 | P8: =O8-I8 -> 0
A9: mens-hoodie-zip-up-front-side-pockets-knit | B9: Men's Hoodie | Zip-Up Front Side Pockets Knit | C9: Men's Hoodies | D9: hoodies | E9: 15 | F9: 69.95 | G9: 139.95 | H9: =1-F9/G9 -> 0.50017864 | I9: 74.95 | J9: =ROUNDUP(I9/(1-H9),0)-0.05 -> 149.95 | K9: =I9-F9 -> 5 | L9: JR men's hoodies | M9: 9 | N9: 69.95 | O9: 74.95 | P9: =O9-I9 -> 0
A10: mens-hoodie-zip-up-knit-drawstring-hood-multiple-pockets | B10: Men's Hoodie | Zip-Up Knit Drawstring Hood Multiple Pockets | C10: Men's Hoodies | D10: Hoodies | E10: 56 | F10: 69.95 | G10: 116.95 | H10: =1-F10/G10 -> 0.40188115 | I10: 74.95 | J10: =ROUNDUP(I10/(1-H10),0)-0.05 -> 125.95 | K10: =I10-F10 -> 5 | L10: JR men's hoodies | M10: 9 | N10: 69.95 | O10: 74.95 | P10: =O10-I10 -> 0
A11: mens-sweatshirt-fleece-zip-up-hooded-long-sleeve | B11: Men's Sweatshirt | Fleece Zip-Up Hooded Long Sleeve | C11: Men's Hoodies | D11: Men's Jacket | E11: 28 | F11: 69.95 | G11: 139.95 | H11: =1-F11/G11 -> 0.50017864 | I11: 74.95 | J11: =ROUNDUP(I11/(1-H11),0)-0.05 -> 149.95 | K11: =I11-F11 -> 5 | L11: JR men's hoodies | M11: 9 | N11: 69.95 | O11: 74.95 | P11: =O11-I11 -> 0
A12: mens-sweatshirt-half-zip-high-neck-knit | B12: Men's Sweatshirt | Half Zip High Neck Knit | C12: Men's Hoodies | D12: Hoodies | E12: 42 | F12: 69.95 | G12: 139.95 | H12: =1-F12/G12 -> 0.50017864 | I12: 74.95 | J12: =ROUNDUP(I12/(1-H12),0)-0.05 -> 149.95 | K12: =I12-F12 -> 5 | L12: JR men's hoodies | M12: 9 | N12: 69.95 | O12: 74.95 | P12: =O12-I12 -> 0
A13: mens-sweatshirt-polo-collar-drop-shoulder-garment-washed | B13: Men's Sweatshirt | Polo Collar Drop Shoulder Garment Washed | C13: Men's Hoodies | D13: mvbtool | E13: 36 | F13: 69.95 | G13: 139.95 | H13: =1-F13/G13 -> 0.50017864 | I13: 74.95 | J13: =ROUNDUP(I13/(1-H13),0)-0.05 -> 149.95 | K13: =I13-F13 -> 5 | L13: JR men's hoodies | M13: 9 | N13: 69.95 | O13: 74.95 | P13: =O13-I13 -> 0
... A165: mens-chino-regular-fit-straight-leg-zip-fly-button-closure | B165: Men's Chino | Regular Fit Straight Leg Zip Fly Button Closure | C165: Men's Trousers | D165: New4 | E165: 16 | F165: 64.95 | G165: 108.95 | H165: =1-F165/G165 -> 0.40385498 | I165: 69.95 | J165: =ROUNDUP(I165/(1-H165),0)-0.05 -> 117.95 | K165: =I165-F165 -> 5 | L165: JR men's trousers | M165: 6 | N165: 66.2 | O165: 69.95 | P165: =O165-I165 -> 0
A166: mens-chino-slim-fit-flat-front-stretch | B166: Men's Chino | Slim Fit Flat Front Stretch | C166: Men's Trousers | E166: 35 | F166: 64.95 | G166: 108.95 | H166: =1-F166/G166 -> 0.40385498 | I166: 69.95 | J166: =ROUNDUP(I166/(1-H166),0)-0.05 -> 117.95 | K166: =I166-F166 -> 5 | L166: JR men's trousers | M166: 6 | N166: 66.2 | O166: 69.95 | P166: =O166-I166 -> 0
A167: mens-chino-slim-fit-plaid-tapered-closure | B167: Men's Chino | Slim Fit Plaid Tapered Closure | C167: Men's Trousers | E167: 28 | F167: 64.95 | G167: 108.95 | H167: =1-F167/G167 -> 0.40385498 | I167: 69.95 | J167: =ROUNDUP(I167/(1-H167),0)-0.05 -> 117.95 | K167: =I167-F167 -> 5 | L167: JR men's trousers | M167: 6 | N167: 66.2 | O167: 69.95 | P167: =O167-I167 -> 0
A168: mens-chino-slim-fit-mid-rise-button-closure | B168: Men's Chino | Slim-Fit Mid-Rise Button Closure | C168: Men's Trousers | D168: pants | E168: 56 | F168: 64.95 | G168: 118.95 | H168: =1-F168/G168 -> 0.45397226 | I168: 69.95 | J168: =ROUNDUP(I168/(1-H168),0)-0.05 -> 128.95 | K168: =I168-F168 -> 5 | L168: JR men's trousers | M168: 6 | N168: 66.2 | O168: 69.95 | P168: =O168-I168 -> 0
A169: mens-chino-tapered-drawstring-pleated-front | B169: Men's Chino | Tapered Drawstring Pleated Front | C169: Men's Trousers | D169: Trousers | E169: 42 | F169: 64.95 | G169: 118.95 | H169: =1-F169/G169 -> 0.45397226 | I169: 69.95 | J169: =ROUNDUP(I169/(1-H169),0)-0.05 -> 128.95 | K169: =I169-F169 -> 5 | L169: JR men's trousers | M169: 6 | N169: 66.2 | O169: 69.95 | P169: =O169-I169 -> 0
A170: mens-dress-pants-slim-fit-tapered-wool-blend | B170: Men's Dress Pants | Slim Fit Tapered Wool Blend | C170: Men's Trousers | D170: Trousers | E170: 80 | F170: 64.95 | G170: 108.95 | H170: =1-F170/G170 -> 0.40385498 | I170: 69.95 | J170: =ROUNDUP(I170/(1-H170),0)-0.05 -> 117.95 | K170: =I170-F170 -> 5 | L170: JR men's trousers | M170: 6 | N170: 66.2 | O170: 69.95 | P170: =O170-I170 -> 0
A171: mens-dress-pants-tapered-leg-pleated-front-wool-blend | B171: Men's Dress Pants | Tapered Leg Pleated Front Wool Blend | C171: Men's Trousers | D171: Straight Leg Pants | E171: 18 | F171: 64.95 | G171: 108.95 | H171: =1-F171/G171 -> 0.40385498 | I171: 69.95 | J171: =ROUNDUP(I171/(1-H171),0)-0.05 -> 117.95 | K171: =I171-F171 -> 5 | L171: JR men's trousers | M171: 6 | N171: 66.2 | O171: 69.95 | P171: =O171-I171 -> 0
A172: mens-dress-pants-tweed-relaxed-fit-straight-leg | B172: Men's Dress Pants | Tweed Relaxed Fit Straight Leg | C172: Men's Trousers | D172: Straight Leg Pants | E172: 48 | F172: 64.95 | G172: 108.95 | H172: =1-F172/G172 -> 0.40385498 | I172: 69.95 | J172: =ROUNDUP(I172/(1-H172),0)-0.05 -> 117.95 | K172: =I172-F172 -> 5 | L172: JR men's trousers | M172: 6 | N172: 66.2 | O172: 69.95 | P172: =O172-I172 -> 0
A173: mens-dress-pants-waffle-knit-pleated-tapered | B173: Men's Dress Pants | Waffle Knit Pleated Tapered | C173: Men's Trousers | D173: Trousers | E173: 21 | F173: 64.95 | G173: 118.95 | H173: =1-F173/G173 -> 0.45397226 | I173: 69.95 | J173: =ROUNDUP(I173/(1-H173),0)-0.05 -> 128.95 | K173: =I173-F173 -> 5 | L173: JR men's trousers | M173: 6 | N173: 66.2 | O173: 69.95 | P173: =O173-I173 -> 0
A174: mens-high-waisted-pants-pleated-straight-fit-gurkha | B174: Men's High Waisted Pants | Pleated Straight Fit Gurkha | C174: Men's Trousers | D174: Pants | E174: 14 | F174: 64.95 | G174: 108.95 | H174: =1-F174/G174 -> 0.40385498 | I174: 69.95 | J174: =ROUNDUP(I174/(1-H174),0)-0.05 -> 117.95 | K174: =I174-F174 -> 5 | L174: JR men's trousers | M174: 6 | N174: 66.2 | O174: 69.95 | P174: =O174-I174 -> 0
A175: mens-high-waisted-pants-pleated-straight-leg-tailored | B175: Men's High Waisted Pants | Pleated Straight Leg Tailored | C175: Men's Trousers | D175: Pants | E175: 28 | F175: 64.95 | G175: 108.95 | H175: =1-F175/G175 -> 0.40385498 | I175: 69.95 | J175: =ROUNDUP(I175/(1-H175),0)-0.05 -> 117.95 | K175: =I175-F175 -> 5 | L175: JR men's trousers | M175: 6 | N175: 66.2 | O175: 69.95 | P175: =O175-I175 -> 0
A176: mens-high-waisted-pants-relaxed-fit-cargo-pockets-cotton | B176: Men's High Waisted Pants | Relaxed Fit Cargo Pockets Cotton | C176: Men's Trousers | D176: Cargo Pants | E176: 30 | F176: 64.95 | G176: 129.95 | H176: =1-F176/G176 -> 0.50019238 | I176: 69.95 | J176: =ROUNDUP(I176/(1-H176),0)-0.05 -> 139.95 | K176: =I176-F176 -> 5 | L176: JR men's trousers | M176: 6 | N176: 66.2 | O176: 69.95 | P176: =O176-I176 -> 0
A177: mens-high-waisted-pants-relaxed-fit-linen-lightweight | B177: Men's High Waisted Pants | Relaxed Fit Linen Lightweight | C177: Men's Trousers | D177: Trousers | E177: 35 | F177: 64.95 | G177: 108.95 | H177: =1-F177/G177 -> 0.40385498 | I177: 69.95 | J177: =ROUNDUP(I177/(1-H177),0)-0.05 -> 117.95 | K177: =I177-F177 -> 5 | L177: JR men's trousers | M177: 6 | N177: 66.2 | O177: 69.95 | P177: =O177-I177 -> 0
A178: mens-hiking-pants-cargo-pockets-quick-dry-regular-fit | B178: Men's Hiking Pants | Cargo Pockets Quick Dry Regular Fit | C178: Men's Trousers | D178: Men's Trousers | E178: 49 | F178: 64.95 | G178: 108.95 | H178: =1-F178/G178 -> 0.40385498 | I178: 69.95 | J178: =ROUNDUP(I178/(1-H178),0)-0.05 -> 117.95 | K178: =I178-F178 -> 5 | L178: JR men's trousers | M178: 6 | N178: 66.2 | O178: 69.95 | P178: =O178-I178 -> 0
A179: mens-hiking-pants-cargo-pockets-reinforced-knees-straight-leg | B179: Men's Hiking Pants | Cargo Pockets Reinforced Knees Straight Leg | C179: Men's Trousers | D179: Broeken | E179: 28 | F179: 64.95 | G179: 108.95 | H179: =1-F179/G179 -> 0.40385498 | I179: 69.95 | J179: =ROUNDUP(I179/(1-H179),0)-0.05 -> 117.95 | K179: =I179-F179 -> 5 | L179: JR men's trousers | M179: 6 | N179: 66.2 | O179: 69.95 | P179: =O179-I179 -> 0
... A254: mens-henley-three-button-placket-roll-tab-sleeves-linen | B254: Men's Henley | Three Button Placket Roll Tab Sleeves Linen | C254: Shirts — T-shirts & polos | D254: Clothing | E254: 63 | F254: 54.95 | G254: 99.95 | H254: =1-F254/G254 -> 0.45022511 | I254: 59.95 | J254: =ROUNDUP(I254/(1-H254),0)-0.05 -> 109.95 | K254: =I254-F254 -> 5 | L254: geen JR-herendata; proxy tank tops (dames) | M254: 16 | N254: 64.95 | O254: 69.95 | P254: =O254-I254 -> 10
A255: mens-long-sleeve-henley-henley-neckline-button-closure-knit | B255: Men's Long Sleeve Henley | Henley Neckline Button Closure Knit | C255: Shirts — T-shirts & polos | E255: 49 | F255: 54.95 | G255: 91.95 | H255: =1-F255/G255 -> 0.4023926 | I255: 59.95 | J255: =ROUNDUP(I255/(1-H255),0)-0.05 -> 100.95 | K255: =I255-F255 -> 5 | L255: geen JR-herendata; proxy tank tops (dames) | M255: 16 | N255: 64.95 | O255: 69.95 | P255: =O255-I255 -> 10
A256: mens-long-sleeve-henley-knit-blend-button-neckline-relaxed-fit | B256: Men's Long Sleeve Henley | Knit Blend Button Neckline Relaxed Fit | C256: Shirts — T-shirts & polos | D256: Long Sleeve T-Shirt | E256: 42 | F256: 54.95 | G256: 109.95 | H256: =1-F256/G256 -> 0.50022738 | I256: 59.95 | J256: =ROUNDUP(I256/(1-H256),0)-0.05 -> 119.95 | K256: =I256-F256 -> 5 | L256: geen JR-herendata; proxy tank tops (dames) | M256: 16 | N256: 64.95 | O256: 69.95 | P256: =O256-I256 -> 10
A257: mens-long-sleeve-henley-raglan-crew-neck-knit | B257: Men's Long Sleeve Henley | Raglan Crew Neck Knit | C257: Shirts — T-shirts & polos | D257: Shirts | E257: 32 | F257: 54.95 | G257: 99.95 | H257: =1-F257/G257 -> 0.45022511 | I257: 59.95 | J257: =ROUNDUP(I257/(1-H257),0)-0.05 -> 109.95 | K257: =I257-F257 -> 5 | L257: geen JR-herendata; proxy tank tops (dames) | M257: 16 | N257: 64.95 | O257: 69.95 | P257: =O257-I257 -> 10
A258: mens-long-sleeve-shirt-crew-neck-knit-breathable | B258: Men's Long Sleeve Shirt | Crew Neck Knit Breathable | C258: Shirts — T-shirts & polos | D258: Clothing | E258: 35 | F258: 59.95 | G258: 109.95 | H258: =1-F258/G258 -> 0.45475216 | I258: 59.95 | J258: =ROUNDUP(I258/(1-H258),0)-0.05 -> 109.95 | K258: =I258-F258 -> 0 | L258: geen JR-herendata; proxy tank tops (dames) | M258: 16 | N258: 64.95 | O258: 69.95 | P258: =O258-I258 -> 10
A259: mens-no-sleeve-shirt-crew-neck-sleeveless-knit-athletic | B259: Men's No Sleeve Shirt | Crew Neck Sleeveless Knit Athletic | C259: Shirts — T-shirts & polos | D259: Men's Shirts | E259: 72 | F259: 59.95 | G259: 109.95 | H259: =1-F259/G259 -> 0.45475216 | I259: 59.95 | J259: =ROUNDUP(I259/(1-H259),0)-0.05 -> 109.95 | K259: =I259-F259 -> 0 | L259: geen JR-herendata; proxy tank tops (dames) | M259: 16 | N259: 64.95 | O259: 69.95 | P259: =O259-I259 -> 10
A260: mens-no-sleeve-shirt-henley-neckline-denim-pocket-sleeveless | B260: Men's No Sleeve Shirt | Henley Neckline Denim Pocket Sleeveless | C260: Shirts — T-shirts & polos | D260: T-Shirts & Tops | E260: 42 | F260: 59.95 | G260: 108.95 | H260: =1-F260/G260 -> 0.44974759 | I260: 59.95 | J260: =ROUNDUP(I260/(1-H260),0)-0.05 -> 108.95 | K260: =I260-F260 -> 0 | L260: geen JR-herendata; proxy tank tops (dames) | M260: 16 | N260: 64.95 | O260: 69.95 | P260: =O260-I260 -> 10
A261: mens-no-sleeve-shirt-henley-neckline-knit-sleeveless | B261: Men's No Sleeve Shirt | Henley Neckline Knit Sleeveless | C261: Shirts — T-shirts & polos | D261: T-Shirt | E261: 60 | F261: 59.95 | G261: 109.95 | H261: =1-F261/G261 -> 0.45475216 | I261: 59.95 | J261: =ROUNDUP(I261/(1-H261),0)-0.05 -> 109.95 | K261: =I261-F261 -> 0 | L261: geen JR-herendata; proxy tank tops (dames) | M261: 16 | N261: 64.95 | O261: 69.95 | P261: =O261-I261 -> 10
A262: mens-polo-top-collared-short-sleeve-button-pocket | B262: Men's Polo Top | Collared Short Sleeve Button Pocket | C262: Shirts — T-shirts & polos | D262: Shirts | E262: 36 | F262: 54.95 | G262: 109.95 | H262: =1-F262/G262 -> 0.50022738 | I262: 59.95 | J262: =ROUNDUP(I262/(1-H262),0)-0.05 -> 119.95 | K262: =I262-F262 -> 5 | L262: geen JR-herendata; proxy tank tops (dames) | M262: 16 | N262: 64.95 | O262: 69.95 | P262: =O262-I262 -> 10
A263: mens-polo-top-short-sleeve-knit-button-closure-v-neck | B263: Men's Polo Top | Short Sleeve Knit Button Closure V-Neck | C263: Shirts — T-shirts & polos | D263: Polo Shirts | E263: 42 | F263: 54.95 | G263: 109.95 | H263: =1-F263/G263 -> 0.50022738 | I263: 59.95 | J263: =ROUNDUP(I263/(1-H263),0)-0.05 -> 119.95 | K263: =I263-F263 -> 5 | L263: geen JR-herendata; proxy tank tops (dames) | M263: 16 | N263: 64.95 | O263: 69.95 | P263: =O263-I263 -> 10
A264: mens-polo-top-short-sleeve-knit-collared-button | B264: Men's Polo Top | Short Sleeve Knit Collared Button | C264: Shirts — T-shirts & polos | D264: Polo shirt | E264: 49 | F264: 54.95 | G264: 99.95 | H264: =1-F264/G264 -> 0.45022511 | I264: 59.95 | J264: =ROUNDUP(I264/(1-H264),0)-0.05 -> 109.95 | K264: =I264-F264 -> 5 | L264: geen JR-herendata; proxy tank tops (dames) | M264: 16 | N264: 64.95 | O264: 69.95 | P264: =O264-I264 -> 10
A265: mens-polo-top-short-sleeve-collar-knit-breathable | B265: Men's Polo Top | Short-Sleeve Collar Knit Breathable | C265: Shirts — T-shirts & polos | D265: Men Polo | E265: 63 | F265: 54.95 | G265: 109.95 | H265: =1-F265/G265 -> 0.50022738 | I265: 59.95 | J265: =ROUNDUP(I265/(1-H265),0)-0.05 -> 119.95 | K265: =I265-F265 -> 5 | L265: geen JR-herendata; proxy tank tops (dames) | M265: 16 | N265: 64.95 | O265: 69.95 | P265: =O265-I265 -> 10
A266: mens-shirt-ribbed-knit-short-sleeve-crew-neck | B266: Men's Shirt | Ribbed Knit Short Sleeve Crew Neck | C266: Shirts — T-shirts & polos | D266: Shirts | E266: 12 | F266: 59.95 | G266: 109.95 | H266: =1-F266/G266 -> 0.45475216 | I266: 59.95 | J266: =ROUNDUP(I266/(1-H266),0)-0.05 -> 109.95 | K266: =I266-F266 -> 0 | L266: geen JR-herendata; proxy tank tops (dames) | M266: 16 | N266: 64.95 | O266: 69.95 | P266: =O266-I266 -> 10
A267: mens-t-shirt-crew-neck-short-sleeve-knit | B267: Men's T Shirt | Crew Neck Short Sleeve Knit | C267: Shirts — T-shirts & polos | D267: T-Shirts | E267: 56 | F267: 54.95 | G267: 99.95 | H267: =1-F267/G267 -> 0.45022511 | I267: 59.95 | J267: =ROUNDUP(I267/(1-H267),0)-0.05 -> 109.95 | K267: =I267-F267 -> 5 | L267: geen JR-herendata; proxy tank tops (dames) | M267: 16 | N267: 64.95 | O267: 69.95 | P267: =O267-I267 -> 10
... A284: mens-shoes-dress-suede-wingtip-lace-up-oxford-sole | B284: Men's Shoes Dress | Suede Wingtip Lace-Up Oxford Sole | C284: Shoes — Dress shoes | D284: Shoes | E284: 9 | F284: 84.95 | G284: 169.95 | H284: =1-F284/G284 -> 0.5001471 | I284: 99.95 | J284: =ROUNDUP(I284/(1-H284),0)-0.05 -> 199.95 | K284: =I284-F284 -> 15 | L284: JR men's dress shoes (oxford/derby) | M284: 3 | N284: 104.95 | O284: 104.95 | P284: =O284-I284 -> 5
A285: black-loafer-for-men-lace-up-leather-rounded-toe | B285: Black Loafer For Men | Lace-Up Leather Rounded Toe | C285: Shoes — Loafers | E285: 8 | F285: 74.95 | G285: 124.95 | H285: =1-F285/G285 -> 0.40016006 | I285: 89.95 | J285: =ROUNDUP(I285/(1-H285),0)-0.05 -> 149.95 | K285: =I285-F285 -> 15 | L285: JR men's loafers (3: 99,95–124,95); dames flats & loafers P25 94,95 | M285: 3 | N285: 112.45 | O285: 124.95 | P285: =O285-I285 -> 35
A286: black-loafer-for-men-slip-on-suede-casual-comfortable | B286: Black Loafer For Men | Slip On Suede Casual Comfortable | C286: Shoes — Loafers | D286: Loafer | E286: 50 | F286: 74.95 | G286: 149.95 | H286: =1-F286/G286 -> 0.50016672 | I286: 89.95 | J286: =ROUNDUP(I286/(1-H286),0)-0.05 -> 179.95 | K286: =I286-F286 -> 15 | L286: JR men's loafers (3: 99,95–124,95); dames flats & loafers P25 94,95 | M286: 3 | N286: 112.45 | O286: 124.95 | P286: =O286-I286 -> 35
A287: black-loafer-for-men-slip-on-leather-comfort | B287: Black Loafer For Men | Slip-On Leather Comfort | C287: Shoes — Loafers | D287: Shoes | E287: 17 | F287: 74.95 | G287: 124.95 | H287: =1-F287/G287 -> 0.40016006 | I287: 89.95 | J287: =ROUNDUP(I287/(1-H287),0)-0.05 -> 149.95 | K287: =I287-F287 -> 15 | L287: JR men's loafers (3: 99,95–124,95); dames flats & loafers P25 94,95 | M287: 3 | N287: 112.45 | O287: 124.95 | P287: =O287-I287 -> 35
A288: black-loafer-for-men-slip-on-leather-moccasin-sole | B288: Black Loafer For Men | Slip-On Leather Moccasin Sole | C288: Shoes — Loafers | D288: men loafers | E288: 20 | F288: 74.95 | G288: 149.95 | H288: =1-F288/G288 -> 0.50016672 | I288: 89.95 | J288: =ROUNDUP(I288/(1-H288),0)-0.05 -> 179.95 | K288: =I288-F288 -> 15 | L288: JR men's loafers (3: 99,95–124,95); dames flats & loafers P25 94,95 | M288: 3 | N288: 112.45 | O288: 124.95 | P288: =O288-I288 -> 35
A289: black-slip-on-loafers-for-men-round-toe-leather-moccasin | B289: Black Slip On Loafers For Men | Round Toe Leather Moccasin | C289: Shoes — Loafers | D289: men loafers | E289: 33 | F289: 74.95 | G289: 149.95 | H289: =1-F289/G289 -> 0.50016672 | I289: 89.95 | J289: =ROUNDUP(I289/(1-H289),0)-0.05 -> 179.95 | K289: =I289-F289 -> 15 | L289: JR men's loafers (3: 99,95–124,95); dames flats & loafers P25 94,95 | M289: 3 | N289: 112.45 | O289: 124.95 | P289: =O289-I289 -> 35
A290: boat-shoe-for-men-lace-up-moc-toe-rubber-sole | B290: Boat Shoe For Men | Lace-Up Moc Toe Rubber Sole | C290: Shoes — Loafers | D290: Boat Shoes | E290: 16 | F290: 74.95 | G290: 124.95 | H290: =1-F290/G290 -> 0.40016006 | I290: 89.95 | J290: =ROUNDUP(I290/(1-H290),0)-0.05 -> 149.95 | K290: =I290-F290 -> 15 | L290: JR men's loafers (3: 99,95–124,95); dames flats & loafers P25 94,95 | M290: 3 | N290: 112.45 | O290: 124.95 | P290: =O290-I290 -> 35
A291: brown-slip-on-shoe-for-men-croc-embossed-leather-loafer-closure | B291: Brown Slip On Shoe For Men | Croc Embossed Leather Loafer Closure | C291: Shoes — Loafers | E291: 45 | F291: 74.95 | G291: 124.95 | H291: =1-F291/G291 -> 0.40016006 | I291: 89.95 | J291: =ROUNDUP(I291/(1-H291),0)-0.05 -> 149.95 | K291: =I291-F291 -> 15 | L291: JR men's loafers (3: 99,95–124,95); dames flats & loafers P25 94,95 | M291: 3 | N291: 112.45 | O291: 124.95 | P291: =O291-I291 -> 35
A292: brown-slip-on-shoe-for-men-rounded-toe-leather-tassel-loafer | B292: Brown Slip On Shoe For Men | Rounded Toe Leather Tassel Loafer | C292: Shoes — Loafers | E292: 33 | F292: 74.95 | G292: 124.95 | H292: =1-F292/G292 -> 0.40016006 | I292: 89.95 | J292: =ROUNDUP(I292/(1-H292),0)-0.05 -> 149.95 | K292: =I292-F292 -> 15 | L292: JR men's loafers (3: 99,95–124,95); dames flats & loafers P25 94,95 | M292: 3 | N292: 112.45 | O292: 124.95 | P292: =O292-I292 -> 35
A293: brown-slip-on-shoe-for-women-round-toe-loafer-leather-flat | B293: Brown Slip On Shoe For Women | Round Toe Loafer Leather Flat | C293: Shoes — Loafers | E293: 57 | F293: 74.95 | G293: 136.95 | H293: =1-F293/G293 -> 0.45271997 | I293: 89.95 | J293: =ROUNDUP(I293/(1-H293),0)-0.05 -> 164.95 | K293: =I293-F293 -> 15 | L293: JR men's loafers (3: 99,95–124,95); dames flats & loafers P25 94,95 | M293: 3 | N293: 112.45 | O293: 124.95 | P293: =O293-I293 -> 35
A294: mens-black-loafer-slip-on-leather-moc-toe | B294: Men's Black Loafer | Slip-On Leather Moc Toe | C294: Shoes — Loafers | D294: Loafers | E294: 45 | F294: 74.95 | G294: 149.95 | H294: =1-F294/G294 -> 0.50016672 | I294: 89.95 | J294: =ROUNDUP(I294/(1-H294),0)-0.05 -> 179.95 | K294: =I294-F294 -> 15 | L294: JR men's loafers (3: 99,95–124,95); dames flats & loafers P25 94,95 | M294: 3 | N294: 112.45 | O294: 124.95 | P294: =O294-I294 -> 35
A295: mens-black-slip-on-loafers-leather-moc-toe-crepe-sole | B295: Men's Black Slip On Loafers | Leather Moc Toe Crepe Sole | C295: Shoes — Loafers | D295: Loafers | E295: 30 | F295: 74.95 | G295: 124.95 | H295: =1-F295/G295 -> 0.40016006 | I295: 89.95 | J295: =ROUNDUP(I295/(1-H295),0)-0.05 -> 149.95 | K295: =I295-F295 -> 15 | L295: JR men's loafers (3: 99,95–124,95); dames flats & loafers P25 94,95 | M295: 3 | N295: 112.45 | O295: 124.95 | P295: =O295-I295 -> 35
A296: mens-black-slip-on-loafers-metal-buckle-closure-leather | B296: Men's Black Slip On Loafers | Metal Buckle Closure Leather | C296: Shoes — Loafers | D296: CJ26 | E296: 33 | F296: 74.95 | G296: 149.95 | H296: =1-F296/G296 -> 0.50016672 | I296: 89.95 | J296: =ROUNDUP(I296/(1-H296),0)-0.05 -> 179.95 | K296: =I296-F296 -> 15 | L296: JR men's loafers (3: 99,95–124,95); dames flats & loafers P25 94,95 | M296: 3 | N296: 112.45 | O296: 124.95 | P296: =O296-I296 -> 35
A297: mens-black-slip-on-loafers-metal-buckle-leather-moccasin | B297: Men's Black Slip On Loafers | Metal Buckle Leather Moccasin | C297: Shoes — Loafers | D297: Flats | E297: 33 | F297: 74.95 | G297: 149.95 | H297: =1-F297/G297 -> 0.50016672 | I297: 89.95 | J297: =ROUNDUP(I297/(1-H297),0)-0.05 -> 179.95 | K297: =I297-F297 -> 15 | L297: JR men's loafers (3: 99,95–124,95); dames flats & loafers P25 94,95 | M297: 3 | N297: 112.45 | O297: 124.95 | P297: =O297-I297 -> 35
A298: mens-boat-shoe-lace-up-casual-leather-moccasin | B298: Men's Boat Shoe | Lace-Up Casual Leather Moccasin | C298: Shoes — Loafers | D298: Men's Shoes | E298: 36 | F298: 74.95 | G298: 136.95 | H298: =1-F298/G298 -> 0.45271997 | I298: 89.95 | J298: =ROUNDUP(I298/(1-H298),0)-0.05 -> 164.95 | K298: =I298-F298 -> 15 | L298: JR men's loafers (3: 99,95–124,95); dames flats & loafers P25 94,95 | M298: 3 | N298: 112.45 | O298: 124.95 | P298: =O298-I298 -> 35
A299: mens-boat-shoe-lace-up-moc-rounded-toe-rubber-sole | B299: Men's Boat Shoe | Lace-Up Moc Rounded Toe Rubber Sole | C299: Shoes — Loafers | D299: New4 | E299: 48 | F299: 74.95 | G299: 149.95 | H299: =1-F299/G299 -> 0.50016672 | I299: 89.95 | J299: =ROUNDUP(I299/(1-H299),0)-0.05 -> 179.95 | K299: =I299-F299 -> 15 | L299: JR men's loafers (3: 99,95–124,95); dames flats & loafers P25 94,95 | M299: 3 | N299: 112.45 | O299: 124.95 | P299: =O299-I299 -> 35
A300: mens-boat-shoe-leather-slip-on-flexible-sole | B300: Men's Boat Shoe | Leather Slip On Flexible Sole | C300: Shoes — Loafers | D300: Shoes | E300: 45 | F300: 74.95 | G300: 136.95 | H300: =1-F300/G300 -> 0.45271997 | I300: 89.95 | J300: =ROUNDUP(I300/(1-H300),0)-0.05 -> 164.95 | K300: =I300-F300 -> 15 | L300: JR men's loafers (3: 99,95–124,95); dames flats & loafers P25 94,95 | M300: 3 | N300: 112.45 | O300: 124.95 | P300: =O300-I300 -> 35
A301: mens-boat-shoe-round-toe-lace-up-rubber-sole | B301: Men's Boat Shoe | Round Toe Lace Up Rubber Sole | C301: Shoes — Loafers | E301: 60 | F301: 74.95 | G301: 136.95 | H301: =1-F301/G301 -> 0.45271997 | I301: 89.95 | J301: =ROUNDUP(I301/(1-H301),0)-0.05 -> 164.95 | K301: =I301-F301 -> 15 | L301: JR men's loafers (3: 99,95–124,95); dames flats & loafers P25 94,95 | M301: 3 | N301: 112.45 | O301: 124.95 | P301: =O301-I301 -> 35
A302: mens-boat-shoe-side-lace-stitched-toe-contrast-detail | B302: Men's Boat Shoe | Side Lace Stitched Toe Contrast Detail | C302: Shoes — Loafers | D302: Shoes | E302: 64 | F302: 74.95 | G302: 149.95 | H302: =1-F302/G302 -> 0.50016672 | I302: 89.95 | J302: =ROUNDUP(I302/(1-H302),0)-0.05 -> 179.95 | K302: =I302-F302 -> 15 | L302: JR men's loafers (3: 99,95–124,95); dames flats & loafers P25 94,95 | M302: 3 | N302: 112.45 | O302: 124.95 | P302: =O302-I302 -> 35
A303: mens-brown-slip-on-shoe-leather-round-toe-slip-on-loafer | B303: Men's Brown Slip On Shoe | Leather Round Toe Slip-On Loafer | C303: Shoes — Loafers | E303: 30 | F303: 74.95 | G303: 124.95 | H303: =1-F303/G303 -> 0.40016006 | I303: 89.95 | J303: =ROUNDUP(I303/(1-H303),0)-0.05 -> 149.95 | K303: =I303-F303 -> 15 | L303: JR men's loafers (3: 99,95–124,95); dames flats & loafers P25 94,95 | M303: 3 | N303: 112.45 | O303: 124.95 | P303: =O303-I303 -> 35
A304: mens-casual-penny-loafers-perforated-leather-slip-on-moccasin | B304: Men's Casual Penny Loafers | Perforated Leather Slip-On Moccasin | C304: Shoes — Loafers | D304: Shoes | E304: 70 | F304: 74.95 | G304: 124.95 | H304: =1-F304/G304 -> 0.40016006 | I304: 89.95 | J304: =ROUNDUP(I304/(1-H304),0)-0.05 -> 149.95 | K304: =I304-F304 -> 15 | L304: JR men's loafers (3: 99,95–124,95); dames flats & loafers P25 94,95 | M304: 3 | N304: 112.45 | O304: 124.95 | P304: =O304-I304 -> 35
A305: mens-casual-penny-loafers-slip-on-suede-moccasin-comfort | B305: Men's Casual Penny Loafers | Slip-On Suede Moccasin Comfort | C305: Shoes — Loafers | D305: men shoes | E305: 84 | F305: 74.95 | G305: 124.95 | H305: =1-F305/G305 -> 0.40016006 | I305: 89.95 | J305: =ROUNDUP(I305/(1-H305),0)-0.05 -> 149.95 | K305: =I305-F305 -> 15 | L305: JR men's loafers (3: 99,95–124,95); dames flats & loafers P25 94,95 | M305: 3 | N305: 112.45 | O305: 124.95 | P305: =O305-I305 -> 35
A306: mens-casual-penny-loafers-suede-slip-on-flat-heel | B306: Men's Casual Penny Loafers | Suede Slip On Flat Heel | C306: Shoes — Loafers | D306: Loafers | E306: 32 | F306: 74.95 | G306: 124.95 | H306: =1-F306/G306 -> 0.40016006 | I306: 89.95 | J306: =ROUNDUP(I306/(1-H306),0)-0.05 -> 149.95 | K306: =I306-F306 -> 15 | L306: JR men's loafers (3: 99,95–124,95); dames flats & loafers P25 94,95 | M306: 3 | N306: 112.45 | O306: 124.95 | P306: =O306-I306 -> 35
A307: mens-penny-loafers-with-penny-moc-toe-hand-stitched-leather | B307: Men's Penny Loafers With Penny | Moc Toe Hand-Stitched Leather | C307: Shoes — Loafers | E307: 45 | F307: 74.95 | G307: 124.95 | H307: =1-F307/G307 -> 0.40016006 | I307: 89.95 | J307: =ROUNDUP(I307/(1-H307),0)-0.05 -> 149.95 | K307: =I307-F307 -> 15 | L307: JR men's loafers (3: 99,95–124,95); dames flats & loafers P25 94,95 | M307: 3 | N307: 112.45 | O307: 124.95 | P307: =O307-I307 -> 35
A308: mens-penny-loafers-with-penny-suede-round-toe-slip-on | B308: Men's Penny Loafers With Penny | Suede Round Toe Slip On | C308: Shoes — Loafers | D308: Shoes | E308: 14 | F308: 74.95 | G308: 136.95 | H308: =1-F308/G308 -> 0.45271997 | I308: 89.95 | J308: =ROUNDUP(I308/(1-H308),0)-0.05 -> 164.95 | K308: =I308-F308 -> 15 | L308: JR men's loafers (3: 99,95–124,95); dames flats & loafers P25 94,95 | M308: 3 | N308: 112.45 | O308: 124.95 | P308: =O308-I308 -> 35
A309: mens-penny-loafers-with-penny-suede-slip-on-loafer-flat-heel | B309: Men's Penny Loafers With Penny | Suede Slip On Loafer Flat Heel | C309: Shoes — Loafers | D309: Shoes | E309: 14 | F309: 74.95 | G309: 124.95 | H309: =1-F309/G309 -> 0.40016006 | I309: 89.95 | J309: =ROUNDUP(I309/(1-H309),0)-0.05 -> 149.95 | K309: =I309-F309 -> 15 | L309: JR men's loafers (3: 99,95–124,95); dames flats & loafers P25 94,95 | M309: 3 | N309: 112.45 | O309: 124.95 | P309: =O309-I309 -> 35
A310: mens-penny-loafers-with-penny-suede-slip-on-low-profile-moc-toe | B310: Men's Penny Loafers With Penny | Suede Slip-On Low Profile Moc Toe | C310: Shoes — Loafers | D310: New4 | E310: 27 | F310: 74.95 | G310: 124.95 | H310: =1-F310/G310 -> 0.40016006 | I310: 89.95 | J310: =ROUNDUP(I310/(1-H310),0)-0.05 -> 149.95 | K310: =I310-F310 -> 15 | L310: JR men's loafers (3: 99,95–124,95); dames flats & loafers P25 94,95 | M310: 3 | N310: 112.45 | O310: 124.95 | P310: =O310-I310 -> 35
A311: mens-penny-loafers-with-penny-woven-leather-slip-on-flat | B311: Men's Penny Loafers With Penny | Woven Leather Slip-On Flat | C311: Shoes — Loafers | E311: 30 | F311: 74.95 | G311: 136.95 | H311: =1-F311/G311 -> 0.45271997 | I311: 89.95 | J311: =ROUNDUP(I311/(1-H311),0)-0.05 -> 164.95 | K311: =I311-F311 -> 15 | L311: JR men's loafers (3: 99,95–124,95); dames flats & loafers P25 94,95 | M311: 3 | N311: 112.45 | O311: 124.95 | P311: =O311-I311 -> 35
A312: mens-shoes-loafer-round-toe-slip-on-metal-buckle | B312: Men's Shoes Loafer | Round Toe Slip On Metal Buckle | C312: Shoes — Loafers | D312: Loafers | E312: 30 | F312: 74.95 | G312: 136.95 | H312: =1-F312/G312 -> 0.45271997 | I312: 89.95 | J312: =ROUNDUP(I312/(1-H312),0)-0.05 -> 164.95 | K312: =I312-F312 -> 15 | L312: JR men's loafers (3: 99,95–124,95); dames flats & loafers P25 94,95 | M312: 3 | N312: 112.45 | O312: 124.95 | P312: =O312-I312 -> 35
A313: mens-shoes-loafer-slip-on-suede-casual-driving | B313: Men's Shoes Loafer | Slip On Suede Casual Driving | C313: Shoes — Loafers | D313: men loafers | E313: 60 | F313: 74.95 | G313: 136.95 | H313: =1-F313/G313 -> 0.45271997 | I313: 89.95 | J313: =ROUNDUP(I313/(1-H313),0)-0.05 -> 164.95 | K313: =I313-F313 -> 15 | L313: JR men's loafers (3: 99,95–124,95); dames flats & loafers P25 94,95 | M313: 3 | N313: 112.45 | O313: 124.95 | P313: =O313-I313 -> 35
A314: mens-shoes-loafer-slip-on-faux-leather-stitched-cushioned-sole | B314: Men's Shoes Loafer | Slip-On Faux Leather Stitched Cushioned Sole | C314: Shoes — Loafers | D314: Loafers | E314: 45 | F314: 74.95 | G314: 124.95 | H314: =1-F314/G314 -> 0.40016006 | I314: 89.95 | J314: =ROUNDUP(I314/(1-H314),0)-0.05 -> 149.95 | K314: =I314-F314 -> 15 | L314: JR men's loafers (3: 99,95–124,95); dames flats & loafers P25 94,95 | M314: 3 | N314: 112.45 | O314: 124.95 | P314: =O314-I314 -> 35
A315: mens-shoes-loafer-slip-on-leather-round-toe-rubber-sole | B315: Men's Shoes Loafer | Slip-On Leather Round Toe Rubber Sole | C315: Shoes — Loafers | D315: Loafer | E315: 54 | F315: 74.95 | G315: 124.95 | H315: =1-F315/G315 -> 0.40016006 | I315: 89.95 | J315: =ROUNDUP(I315/(1-H315),0)-0.05 -> 149.95 | K315: =I315-F315 -> 15 | L315: JR men's loafers (3: 99,95–124,95); dames flats & loafers P25 94,95 | M315: 3 | N315: 112.45 | O315: 124.95 | P315: =O315-I315 -> 35
A316: mens-shoes-loafer-suede-round-toe-slip-on-rubber-sole | B316: Men's Shoes Loafer | Suede Round Toe Slip-On Rubber Sole | C316: Shoes — Loafers | D316: Flats | E316: 99 | F316: 74.95 | G316: 136.95 | H316: =1-F316/G316 -> 0.45271997 | I316: 89.95 | J316: =ROUNDUP(I316/(1-H316),0)-0.05 -> 164.95 | K316: =I316-F316 -> 15 | L316: JR men's loafers (3: 99,95–124,95); dames flats & loafers P25 94,95 | M316: 3 | N316: 112.45 | O316: 124.95 | P316: =O316-I316 -> 35
A317: mens-shoes-loafer-suede-slip-on-flat-sole | B317: Men's Shoes Loafer | Suede Slip On Flat Sole | C317: Shoes — Loafers | D317: Loafer | E317: 50 | F317: 74.95 | G317: 136.95 | H317: =1-F317/G317 -> 0.45271997 | I317: 89.95 | J317: =ROUNDUP(I317/(1-H317),0)-0.05 -> 164.95 | K317: =I317-F317 -> 15 | L317: JR men's loafers (3: 99,95–124,95); dames flats & loafers P25 94,95 | M317: 3 | N317: 112.45 | O317: 124.95 | P317: =O317-I317 -> 35
A318: mens-shoes-loafer-tassel-slip-on-leather-flat | B318: Men's Shoes Loafer | Tassel Slip-On Leather Flat | C318: Shoes — Loafers | D318: Shoes | E318: 20 | F318: 74.95 | G318: 149.95 | H318: =1-F318/G318 -> 0.50016672 | I318: 89.95 | J318: =ROUNDUP(I318/(1-H318),0)-0.05 -> 179.95 | K318: =I318-F318 -> 15 | L318: JR men's loafers (3: 99,95–124,95); dames flats & loafers P25 94,95 | M318: 3 | N318: 112.45 | O318: 124.95 | P318: =O318-I318 -> 35
A319: penny-loafers-with-penny-for-men-rounded-toe-slip-on-suede | B319: Penny Loafers With Penny For Men | Rounded Toe Slip On Suede | C319: Shoes — Loafers | D319: loafers | E319: 18 | F319: 74.95 | G319: 124.95 | H319: =1-F319/G319 -> 0.40016006 | I319: 89.95 | J319: =ROUNDUP(I319/(1-H319),0)-0.05 -> 149.95 | K319: =I319-F319 -> 15 | L319: JR men's loafers (3: 99,95–124,95); dames flats & loafers P25 94,95 | M319: 3 | N319: 112.45 | O319: 124.95 | P319: =O319-I319 -> 35
A320: black-shoes-for-men-lace-up-mesh-knit-non-slip | B320: Black Shoes For Men | Lace-Up Mesh Knit Non-Slip | C320: Shoes — Sneakers & casual | D320: Shoes | E320: 15 | F320: 74.95 | G320: 136.95 | H320: =1-F320/G320 -> 0.45271997 | I320: 74.95 | J320: =ROUNDUP(I320/(1-H320),0)-0.05 -> 136.95 | K320: =I320-F320 -> 0 | L320: JR men's sneakers/casual | M320: 23 | N320: 64.95 | O320: 79.95 | P320: =O320-I320 -> 5
A321: black-shoes-for-men-pointed-toe-western-embroidered-leather | B321: Black Shoes For Men | Pointed Toe Western Embroidered Leather | C321: Shoes — Sneakers & casual | D321: cowboy boots | E321: 44 | F321: 74.95 | G321: 124.95 | H321: =1-F321/G321 -> 0.40016006 | I321: 74.95 | J321: =ROUNDUP(I321/(1-H321),0)-0.05 -> 124.95 | K321: =I321-F321 -> 0 | L321: JR men's sneakers/casual | M321: 23 | N321: 64.95 | O321: 79.95 | P321: =O321-I321 -> 5
A322: black-shoes-for-men-toggle-lace-slip-on-work-safety-toe | B322: Black Shoes For Men | Toggle Lace Slip-On Work Safety Toe | C322: Shoes — Sneakers & casual | D322: safety shoes | E322: 11 | F322: 74.95 | G322: 136.95 | H322: =1-F322/G322 -> 0.45271997 | I322: 74.95 | J322: =ROUNDUP(I322/(1-H322),0)-0.05 -> 136.95 | K322: =I322-F322 -> 0 | L322: JR men's sneakers/casual | M322: 23 | N322: 64.95 | O322: 79.95 | P322: =O322-I322 -> 5
A323: casual-shoe-for-women-lace-up-mesh-knit-rounded-toe | B323: Casual Shoe For Women | Lace-Up Mesh Knit Rounded Toe | C323: Shoes — Sneakers & casual | E323: 38 | F323: 74.95 | G323: 149.95 | H323: =1-F323/G323 -> 0.50016672 | I323: 74.95 | J323: =ROUNDUP(I323/(1-H323),0)-0.05 -> 149.95 | K323: =I323-F323 -> 0 | L323: JR men's sneakers/casual | M323: 23 | N323: 64.95 | O323: 79.95 | P323: =O323-I323 -> 5
A324: mens-casual-shoe-lace-up-canvas-rounded-toe | B324: Men's Casual Shoe | Lace-Up Canvas Rounded Toe | C324: Shoes — Sneakers & casual | D324: Sneakers | E324: 18 | F324: 74.95 | G324: 136.95 | H324: =1-F324/G324 -> 0.45271997 | I324: 74.95 | J324: =ROUNDUP(I324/(1-H324),0)-0.05 -> 136.95 | K324: =I324-F324 -> 0 | L324: JR men's sneakers/casual | M324: 23 | N324: 64.95 | O324: 79.95 | P324: =O324-I324 -> 5
A325: mens-casual-shoe-lace-up-leather-round-toe | B325: Men's Casual Shoe | Lace-Up Leather Round Toe | C325: Shoes — Sneakers & casual | D325: Shoes | E325: 66 | F325: 74.95 | G325: 149.95 | H325: =1-F325/G325 -> 0.50016672 | I325: 74.95 | J325: =ROUNDUP(I325/(1-H325),0)-0.05 -> 149.95 | K325: =I325-F325 -> 0 | L325: JR men's sneakers/casual | M325: 23 | N325: 64.95 | O325: 79.95 | P325: =O325-I325 -> 5
A326: mens-casual-shoe-lace-up-lug-sole-mesh-upper | B326: Men's Casual Shoe | Lace-Up Lug Sole Mesh Upper | C326: Shoes — Sneakers & casual | E326: 45 | F326: 74.95 | G326: 149.95 | H326: =1-F326/G326 -> 0.50016672 | I326: 74.95 | J326: =ROUNDUP(I326/(1-H326),0)-0.05 -> 149.95 | K326: =I326-F326 -> 0 | L326: JR men's sneakers/casual | M326: 23 | N326: 64.95 | O326: 79.95 | P326: =O326-I326 -> 5
A327: mens-sneakers-high-top-chunky-mesh-lace-up-textured-sole | B327: Men's Sneakers High Top | Chunky Mesh Lace-Up Textured Sole | C327: Shoes — Sneakers & casual | D327: Shoes | E327: 30 | F327: 69.95 | G327: 127.95 | H327: =1-F327/G327 -> 0.45330207 | I327: 74.95 | J327: =ROUNDUP(I327/(1-H327),0)-0.05 -> 137.95 | K327: =I327-F327 -> 5 | L327: JR men's sneakers/casual | M327: 23 | N327: 64.95 | O327: 79.95 | P327: =O327-I327 -> 5
A328: mens-sneakers-high-top-knit-mesh-lace-up-trail | B328: Men's Sneakers High Top | Knit Mesh Lace Up Trail | C328: Shoes — Sneakers & casual | D328: Tops | E328: 60 | F328: 69.95 | G328: 116.95 | H328: =1-F328/G328 -> 0.40188115 | I328: 74.95 | J328: =ROUNDUP(I328/(1-H328),0)-0.05 -> 125.95 | K328: =I328-F328 -> 5 | L328: JR men's sneakers/casual | M328: 23 | N328: 64.95 | O328: 79.95 | P328: =O328-I328 -> 5
A329: mens-sneakers-high-top-lace-up-closure-rubber-sole | B329: Men's Sneakers High Top | Lace-Up Closure Rubber Sole | C329: Shoes — Sneakers & casual | D329: mvb26 | E329: 24 | F329: 69.95 | G329: 139.95 | H329: =1-F329/G329 -> 0.50017864 | I329: 74.95 | J329: =ROUNDUP(I329/(1-H329),0)-0.05 -> 149.95 | K329: =I329-F329 -> 5 | L329: JR men's sneakers/casual | M329: 23 | N329: 64.95 | O329: 79.95 | P329: =O329-I329 -> 5
A330: mens-sneakers-canvas-upper-lace-closure-padded-collar | B330: Men's Sneakers | Canvas Upper Lace Closure Padded Collar | C330: Shoes — Sneakers & casual | D330: Sneakers | E330: 90 | F330: 69.95 | G330: 127.95 | H330: =1-F330/G330 -> 0.45330207 | I330: 74.95 | J330: =ROUNDUP(I330/(1-H330),0)-0.05 -> 137.95 | K330: =I330-F330 -> 5 | L330: JR men's sneakers/casual | M330: 23 | N330: 64.95 | O330: 79.95 | P330: =O330-I330 -> 5
A331: mens-sneakers-lace-up-casual-athletic-support | B331: Men's Sneakers | Lace-Up Casual Athletic Support | C331: Shoes — Sneakers & casual | D331: men sneakers | E331: 24 | F331: 69.95 | G331: 127.95 | H331: =1-F331/G331 -> 0.45330207 | I331: 74.95 | J331: =ROUNDUP(I331/(1-H331),0)-0.05 -> 137.95 | K331: =I331-F331 -> 5 | L331: JR men's sneakers/casual | M331: 23 | N331: 64.95 | O331: 79.95 | P331: =O331-I331 -> 5
A332: mens-sneakers-lace-up-knit-mesh-toe-guard-work | B332: Men's Sneakers | Lace-Up Knit Mesh Toe Guard Work | C332: Shoes — Sneakers & casual | D332: safety shoes | E332: 22 | F332: 69.95 | G332: 116.95 | H332: =1-F332/G332 -> 0.40188115 | I332: 74.95 | J332: =ROUNDUP(I332/(1-H332),0)-0.05 -> 125.95 | K332: =I332-F332 -> 5 | L332: JR men's sneakers/casual | M332: 23 | N332: 64.95 | O332: 79.95 | P332: =O332-I332 -> 5
A333: mens-black-short-cargo-pants-elastic-waist-drawstring-cargo-pockets | B333: Men's Black Short Cargo Pants | Elastic Waist Drawstring Cargo Pockets | C333: Shorts — premium | D333: Combat Style | E333: 24 | F333: 64.95 | G333: 118.95 | H333: =1-F333/G333 -> 0.45397226 | I333: 64.95 | J333: =ROUNDUP(I333/(1-H333),0)-0.05 -> 118.95 | K333: =I333-F333 -> 0 | L333: JR men's shorts | M333: 6 | N333: 54.95 | O333: 54.95 | P333: =O333-I333 -> -10
A334: mens-black-short-cargo-pants-relaxed-fit-cargo-shorts-multi-pocket-denim | B334: Men's Black Short Cargo Pants | Relaxed Fit Cargo Shorts Multi-Pocket Denim | C334: Shorts — premium | D334: New3 | E334: 45 | F334: 64.95 | G334: 129.95 | H334: =1-F334/G334 -> 0.50019238 | I334: 64.95 | J334: =ROUNDUP(I334/(1-H334),0)-0.05 -> 129.95 | K334: =I334-F334 -> 0 | L334: JR men's shorts | M334: 6 | N334: 54.95 | O334: 54.95 | P334: =O334-I334 -> -10
A335: mens-black-short-cargo-pants-relaxed-fit-multi-pocket-durable | B335: Men's Black Short Cargo Pants | Relaxed Fit Multi-Pocket Durable | C335: Shorts — premium | D335: Cargo Pants | E335: 24 | F335: 64.95 | G335: 129.95 | H335: =1-F335/G335 -> 0.50019238 | I335: 64.95 | J335: =ROUNDUP(I335/(1-H335),0)-0.05 -> 129.95 | K335: =I335-F335 -> 0 | L335: JR men's shorts | M335: 6 | N335: 54.95 | O335: 54.95 | P335: =O335-I335 -> -10
A336: mens-black-short-cargo-pants-relaxed-fit-utility-pockets | B336: Men's Black Short Cargo Pants | Relaxed Fit Utility Pockets | C336: Shorts — premium | D336: Men Rugged Cargo Shorts | Utility Pockets & Relaxed Fit | E336: 24 | F336: 64.95 | G336: 108.95 | H336: =1-F336/G336 -> 0.40385498 | I336: 64.95 | J336: =ROUNDUP(I336/(1-H336),0)-0.05 -> 108.95 | K336: =I336-F336 -> 0 | L336: JR men's shorts | M336: 6 | N336: 54.95 | O336: 54.95 | P336: =O336-I336 -> -10
A337: mens-black-short-cargo-pants-ripstop-nylon-relaxed-fit-multiple-pockets | B337: Men's Black Short Cargo Pants | Ripstop Nylon Relaxed Fit Multiple Pockets | C337: Shorts — premium | D337: Cargo Shorts | E337: 40 | F337: 64.95 | G337: 118.95 | H337: =1-F337/G337 -> 0.45397226 | I337: 64.95 | J337: =ROUNDUP(I337/(1-H337),0)-0.05 -> 118.95 | K337: =I337-F337 -> 0 | L337: JR men's shorts | M337: 6 | N337: 54.95 | O337: 54.95 | P337: =O337-I337 -> -10
A338: mens-knitted-polo-shirt-polo-collar-long-sleeve-cashmere-knit | B338: Men's Knitted Polo Shirt | Polo Collar Long Sleeve Cashmere Knit | C338: Sweaters — Knitted polos | D338: Knit Sweater | E338: 25 | F338: 59.95 | G338: 119.95 | H338: =1-F338/G338 -> 0.50020842 | I338: 64.95 | J338: =ROUNDUP(I338/(1-H338),0)-0.05 -> 129.95 | K338: =I338-F338 -> 5 | L338: geen JR-herendata; proxy sweaters (dames) | M338: 22 | N338: 71.2 | O338: 79.95 | P338: =O338-I338 -> 15
... A342: mens-linen-slacks-short-sleeve-button-closure-relaxed | B342: Men's Linen Slacks | Short Sleeve Button Closure Relaxed | C342: Trousers — instap | D342: Outfit Sets | E342: 18 | F342: 54.95 | G342: 99.95 | H342: =1-F342/G342 -> 0.45022511 | I342: 64.95 | J342: =ROUNDUP(I342/(1-H342),0)-0.05 -> 118.95 | K342: =I342-F342 -> 10 | L342: JR men's trousers | M342: 6 | N342: 66.2 | O342: 69.95 | P342: =O342-I342 -> 5
