Workbook

Sheet Tiers
A1: SSB — prijsarchitectuur
A2: Blauwe cellen zijn de enige die je hier aanpast. Alles in Voorstel en Samenvatting rekent hierop door.
A3: Groep | B3: Nieuwe prijs | C3: Nu in de store
A4: Tops & blouses | B4: 44.95 | C4: 35 producten, $29.95 – $49.95
A5: Knitwear & hoodies | B5: 59.95 | C5: 42 producten, $44.95 – $69.95
A6: Broeken & jeans | B6: 59.95 | C6: 34 producten, $44.95 – $64.95
A7: Jurken & sets | B7: 64.95 | C7: 18 producten, $49.95 – $69.95
A8: Outerwear | B8: 84.95 | C8: 27 producten, $69.95 – $99.95
A9: Platte schoenen & loafers | B9: 59.95 | C9: 21 producten, $44.95 – $64.95
A10: Sneakers | B10: 64.95 | C10: 4 producten, $54.95 – $69.95
A11: Hakken & nette schoenen | B11: 64.95 | C11: 4 producten, $59.95 – $64.95
A12: Boots | B12: 79.95 | C12: 34 producten, $59.95 – $79.95
A14: Kortingsinstelling (compare-at)
A15: Uniforme korting gebruiken? (ja/nee) | B15: nee
A16: Uniforme korting | B16: 0.45
A17: Bij "nee" houdt elk product zijn eigen huidige kortingspercentage (nu 40%, 45% of 50% per product).
A19: Aannames
A20: Bron: products_export_1.csv, door Justin geleverd op 20-09-2026 — 219 producten, 6.125 varianten, alle varianten van een product hebben dezelfde prijs.
A21: Elke prijs eindigt op ,95. Compare-at wordt afgerond naar boven op een heel dollarbedrag min $0,05, zodat die ook altijd op ,95 eindigt.
A22: Geen verkoopdata in de export, dus dit voorstel zegt niets over omzet-effect — het is puur een prijsarchitectuur.
A23: De huidige compare-at is per product een vaste 40/45/50% korting met cent-bedragen als $74,92. Storewide vaste korting is een GMC-risico; zie de opmerking in Samenvatting.

Sheet Voorstel
A1: SSB — prijsvoorstel per product
A2: Geel = door jou aan te passen. Vul in "Handmatig" alleen iets in als je van de tierprijs wilt afwijken.
A3: Handle | B3: Titel | C3: Groep | D3: Huidige prijs | E3: Tierprijs | F3: Handmatig | G3: Nieuwe prijs | H3: Verschil | I3: Verschil % | J3: Actie | K3: Let op | L3: Huidige compare-at | M3: Huidige korting | N3: Doelkorting | O3: Nieuwe compare-at | P3: Nieuwe korting | Q3: Varianten
A4: mens-flannel-shirt-plaid-pattern-button-front-relaxed-fit | B4: Men's Flannel Shirt | Plaid Pattern Button-Front Relaxed Fit | C4: Tops & blouses | D4: 49.95 | E4: =IFERROR(INDEX(Tiers!$B$4:$B$12,MATCH(C4,Tiers!$A$4:$A$12,0)),D4) -> 44.95 | G4: =IF(F4="",E4,F4) -> 44.95 | H4: =G4-D4 -> -5 | I4: =IFERROR((G4-D4)/D4,0) -> -0.1001001 | J4: =IF(G4>D4,"Omhoog",IF(G4<D4,"Omlaag","Gelijk")) -> Omlaag | K4: =IF(ABS(I4)>=0.2,"controleren","") | L4: 99.9 | M4: =IFERROR(1-D4/L4,0) -> 0.5 | N4: =IF(Tiers!$B$15="ja",Tiers!$B$16,M4) -> 0.5 | O4: =ROUNDUP(G4/(1-N4),0)-0.05 -> 89.95 | P4: =IFERROR(1-G4/O4,0) -> 0.50027793 | Q4: 14
A5: mens-long-sleeve-shirt-polo-collar-button-placket-knit | B5: Men's Long Sleeve Shirt | Polo Collar Button Placket Knit | C5: Tops & blouses | D5: 39.95 | E5: =IFERROR(INDEX(Tiers!$B$4:$B$12,MATCH(C5,Tiers!$A$4:$A$12,0)),D5) -> 44.95 | G5: =IF(F5="",E5,F5) -> 44.95 | H5: =G5-D5 -> 5 | I5: =IFERROR((G5-D5)/D5,0) -> 0.12515645 | J5: =IF(G5>D5,"Omhoog",IF(G5<D5,"Omlaag","Gelijk")) -> Omhoog | K5: =IF(ABS(I5)>=0.2,"controleren","") | L5: 72.64 | M5: =IFERROR(1-D5/L5,0) -> 0.45002753 | N5: =IF(Tiers!$B$15="ja",Tiers!$B$16,M5) -> 0.45002753 | O5: =ROUNDUP(G5/(1-N5),0)-0.05 -> 81.95 | P5: =IFERROR(1-G5/O5,0) -> 0.45149481 | Q5: 20
A6: mens-polo-shirt-chevron-knit-collar-v-neck-short-sleeve | B6: Men's Polo Shirt | Chevron Knit Collar V-Neck Short Sleeve | C6: Tops & blouses | D6: 44.95 | E6: =IFERROR(INDEX(Tiers!$B$4:$B$12,MATCH(C6,Tiers!$A$4:$A$12,0)),D6) -> 44.95 | G6: =IF(F6="",E6,F6) -> 44.95 | H6: =G6-D6 -> 0 | I6: =IFERROR((G6-D6)/D6,0) -> 0 | J6: =IF(G6>D6,"Omhoog",IF(G6<D6,"Omlaag","Gelijk")) -> Gelijk | K6: =IF(ABS(I6)>=0.2,"controleren","") | L6: 81.73 | M6: =IFERROR(1-D6/L6,0) -> 0.45001835 | N6: =IF(Tiers!$B$15="ja",Tiers!$B$16,M6) -> 0.45001835 | O6: =ROUNDUP(G6/(1-N6),0)-0.05 -> 81.95 | P6: =IFERROR(1-G6/O6,0) -> 0.45149481 | Q6: 20
A7: mens-polo-shirt-herringbone-knit-short-sleeve-button-down | B7: Men's Polo Shirt | Herringbone Knit Short Sleeve Button Down | C7: Tops & blouses | D7: 44.95 | E7: =IFERROR(INDEX(Tiers!$B$4:$B$12,MATCH(C7,Tiers!$A$4:$A$12,0)),D7) -> 44.95 | G7: =IF(F7="",E7,F7) -> 44.95 | H7: =G7-D7 -> 0 | I7: =IFERROR((G7-D7)/D7,0) -> 0 | J7: =IF(G7>D7,"Omhoog",IF(G7<D7,"Omlaag","Gelijk")) -> Gelijk | K7: =IF(ABS(I7)>=0.2,"controleren","") | L7: 89.9 | M7: =IFERROR(1-D7/L7,0) -> 0.5 | N7: =IF(Tiers!$B$15="ja",Tiers!$B$16,M7) -> 0.5 | O7: =ROUNDUP(G7/(1-N7),0)-0.05 -> 89.95 | P7: =IFERROR(1-G7/O7,0) -> 0.50027793 | Q7: 21
A8: mens-polo-shirt-ribbed-knit-collar-short-sleeve | B8: Men's Polo Shirt | Ribbed Knit Collar Short Sleeve | C8: Tops & blouses | D8: 44.95 | E8: =IFERROR(INDEX(Tiers!$B$4:$B$12,MATCH(C8,Tiers!$A$4:$A$12,0)),D8) -> 44.95 | G8: =IF(F8="",E8,F8) -> 44.95 | H8: =G8-D8 -> 0 | I8: =IFERROR((G8-D8)/D8,0) -> 0 | J8: =IF(G8>D8,"Omhoog",IF(G8<D8,"Omlaag","Gelijk")) -> Gelijk | K8: =IF(ABS(I8)>=0.2,"controleren","") | L8: 89.9 | M8: =IFERROR(1-D8/L8,0) -> 0.5 | N8: =IF(Tiers!$B$15="ja",Tiers!$B$16,M8) -> 0.5 | O8: =ROUNDUP(G8/(1-N8),0)-0.05 -> 89.95 | P8: =IFERROR(1-G8/O8,0) -> 0.50027793 | Q8: 18
A9: mens-polo-shirt-textured-collar-short-sleeve-button-closure | B9: Men's Polo Shirt | Textured Collar Short Sleeve Button Closure | C9: Tops & blouses | D9: 44.95 | E9: =IFERROR(INDEX(Tiers!$B$4:$B$12,MATCH(C9,Tiers!$A$4:$A$12,0)),D9) -> 44.95 | G9: =IF(F9="",E9,F9) -> 44.95 | H9: =G9-D9 -> 0 | I9: =IFERROR((G9-D9)/D9,0) -> 0 | J9: =IF(G9>D9,"Omhoog",IF(G9<D9,"Omlaag","Gelijk")) -> Gelijk | K9: =IF(ABS(I9)>=0.2,"controleren","") | L9: 81.73 | M9: =IFERROR(1-D9/L9,0) -> 0.45001835 | N9: =IF(Tiers!$B$15="ja",Tiers!$B$16,M9) -> 0.45001835 | O9: =ROUNDUP(G9/(1-N9),0)-0.05 -> 81.95 | P9: =IFERROR(1-G9/O9,0) -> 0.45149481 | Q9: 12
A10: mens-polo-shirt-textured-knit-collar-long-sleeve | B10: Men's Polo Shirt | Textured Knit Collar Long Sleeve | C10: Tops & blouses | D10: 44.95 | E10: =IFERROR(INDEX(Tiers!$B$4:$B$12,MATCH(C10,Tiers!$A$4:$A$12,0)),D10) -> 44.95 | G10: =IF(F10="",E10,F10) -> 44.95 | H10: =G10-D10 -> 0 | I10: =IFERROR((G10-D10)/D10,0) -> 0 | J10: =IF(G10>D10,"Omhoog",IF(G10<D10,"Omlaag","Gelijk")) -> Gelijk | K10: =IF(ABS(I10)>=0.2,"controleren","") | L10: 81.73 | M10: =IFERROR(1-D10/L10,0) -> 0.45001835 | N10: =IF(Tiers!$B$15="ja",Tiers!$B$16,M10) -> 0.45001835 | O10: =ROUNDUP(G10/(1-N10),0)-0.05 -> 81.95 | P10: =IFERROR(1-G10/O10,0) -> 0.45149481 | Q10: 28
A11: mens-shirt-henley-neckline-long-sleeve-button-closure | B11: Men's Shirt | Henley Neckline Long Sleeve Button Closure | C11: Tops & blouses | D11: 44.95 | E11: =IFERROR(INDEX(Tiers!$B$4:$B$12,MATCH(C11,Tiers!$A$4:$A$12,0)),D11) -> 44.95 | G11: =IF(F11="",E11,F11) -> 44.95 | H11: =G11-D11 -> 0 | I11: =IFERROR((G11-D11)/D11,0) -> 0 | J11: =IF(G11>D11,"Omhoog",IF(G11<D11,"Omlaag","Gelijk")) -> Gelijk | K11: =IF(ABS(I11)>=0.2,"controleren","") | L11: 81.73 | M11: =IFERROR(1-D11/L11,0) -> 0.45001835 | N11: =IF(Tiers!$B$15="ja",Tiers!$B$16,M11) -> 0.45001835 | O11: =ROUNDUP(G11/(1-N11),0)-0.05 -> 81.95 | P11: =IFERROR(1-G11/O11,0) -> 0.45149481 | Q11: 24
A12: mens-shirt-quarter-zip-collar-short-sleeve | B12: Men's Shirt | Quarter Zip Collar Short Sleeve | C12: Tops & blouses | D12: 49.95 | E12: =IFERROR(INDEX(Tiers!$B$4:$B$12,MATCH(C12,Tiers!$A$4:$A$12,0)),D12) -> 44.95 | G12: =IF(F12="",E12,F12) -> 44.95 | H12: =G12-D12 -> -5 | I12: =IFERROR((G12-D12)/D12,0) -> -0.1001001 | J12: =IF(G12>D12,"Omhoog",IF(G12<D12,"Omlaag","Gelijk")) -> Omlaag | K12: =IF(ABS(I12)>=0.2,"controleren","") | L12: 83.25 | M12: =IFERROR(1-D12/L12,0) -> 0.4 | N12: =IF(Tiers!$B$15="ja",Tiers!$B$16,M12) -> 0.4 | O12: =ROUNDUP(G12/(1-N12),0)-0.05 -> 74.95 | P12: =IFERROR(1-G12/O12,0) -> 0.40026684 | Q12: 72
A13: mens-shirt-short-sleeve-camp-collar-button-front | B13: Men's Shirt | Short Sleeve Camp Collar Button Front | C13: Tops & blouses | D13: 44.95 | E13: =IFERROR(INDEX(Tiers!$B$4:$B$12,MATCH(C13,Tiers!$A$4:$A$12,0)),D13) -> 44.95 | G13: =IF(F13="",E13,F13) -> 44.95 | H13: =G13-D13 -> 0 | I13: =IFERROR((G13-D13)/D13,0) -> 0 | J13: =IF(G13>D13,"Omhoog",IF(G13<D13,"Omlaag","Gelijk")) -> Gelijk | K13: =IF(ABS(I13)>=0.2,"controleren","") | L13: 81.73 | M13: =IFERROR(1-D13/L13,0) -> 0.45001835 | N13: =IF(Tiers!$B$15="ja",Tiers!$B$16,M13) -> 0.45001835 | O13: =ROUNDUP(G13/(1-N13),0)-0.05 -> 81.95 | P13: =IFERROR(1-G13/O13,0) -> 0.45149481 | Q13: 12
A14: mens-shirt-slim-fit-long-sleeve-button-closure-spread-collar | B14: Men's Shirt | Slim Fit Long Sleeve Button Closure Spread Collar | C14: Tops & blouses | D14: 34.95 | E14: =IFERROR(INDEX(Tiers!$B$4:$B$12,MATCH(C14,Tiers!$A$4:$A$12,0)),D14) -> 44.95 | G14: =IF(F14="",E14,F14) -> 44.95 | H14: =G14-D14 -> 10 | I14: =IFERROR((G14-D14)/D14,0) -> 0.28612303 | J14: =IF(G14>D14,"Omhoog",IF(G14<D14,"Omlaag","Gelijk")) -> Omhoog | K14: =IF(ABS(I14)>=0.2,"controleren","") -> controleren | L14: 69.9 | M14: =IFERROR(1-D14/L14,0) -> 0.5 | N14: =IF(Tiers!$B$15="ja",Tiers!$B$16,M14) -> 0.5 | O14: =ROUNDUP(G14/(1-N14),0)-0.05 -> 89.95 | P14: =IFERROR(1-G14/O14,0) -> 0.50027793 | Q14: 42
A15: mens-tank-top-notch-neckline-sleeveless-knit | B15: Men's Tank Top | Notch Neckline Sleeveless Knit | C15: Tops & blouses | D15: 44.95 | E15: =IFERROR(INDEX(Tiers!$B$4:$B$12,MATCH(C15,Tiers!$A$4:$A$12,0)),D15) -> 44.95 | G15: =IF(F15="",E15,F15) -> 44.95 | H15: =G15-D15 -> 0 | I15: =IFERROR((G15-D15)/D15,0) -> 0 | J15: =IF(G15>D15,"Omhoog",IF(G15<D15,"Omlaag","Gelijk")) -> Gelijk | K15: =IF(ABS(I15)>=0.2,"controleren","") | L15: 74.92 | M15: =IFERROR(1-D15/L15,0) -> 0.4000267 | N15: =IF(Tiers!$B$15="ja",Tiers!$B$16,M15) -> 0.4000267 | O15: =ROUNDUP(G15/(1-N15),0)-0.05 -> 74.95 | P15: =IFERROR(1-G15/O15,0) -> 0.40026684 | Q15: 15
... A222: womens-work-boots-vintage-button-detail-round-toe-kitten-heel | B222: Women's Work Boots | Vintage Button Detail Round Toe Kitten Heel | C222: Boots | D222: 79.95 | E222: =IFERROR(INDEX(Tiers!$B$4:$B$12,MATCH(C222,Tiers!$A$4:$A$12,0)),D222) -> 79.95 | G222: =IF(F222="",E222,F222) -> 79.95 | H222: =G222-D222 -> 0 | I222: =IFERROR((G222-D222)/D222,0) -> 0 | J222: =IF(G222>D222,"Omhoog",IF(G222<D222,"Omlaag","Gelijk")) -> Gelijk | K222: =IF(ABS(I222)>=0.2,"controleren","") | L222: 145.36 | M222: =IFERROR(1-D222/L222,0) -> 0.44998624 | N222: =IF(Tiers!$B$15="ja",Tiers!$B$16,M222) -> 0.44998624 | O222: =ROUNDUP(G222/(1-N222),0)-0.05 -> 145.95 | P222: =IFERROR(1-G222/O222,0) -> 0.45220966 | Q222: 44

Sheet Samenvatting
A1: SSB — samenvatting prijsvoorstel
A3: Groep | B3: Producten | C3: Gem. nu | D3: Gem. nieuw | E3: Verschil | F3: Omhoog | G3: Omlaag | H3: Gelijk | I3: Te controleren
A4: Tops & blouses | B4: =COUNTIF(Voorstel!$C$4:$C$222,A4) -> 35 | C4: =IFERROR(AVERAGEIF(Voorstel!$C$4:$C$222,A4,Voorstel!$D$4:$D$222),0) -> 40.807143 | D4: =IFERROR(AVERAGEIF(Voorstel!$C$4:$C$222,A4,Voorstel!$G$4:$G$222),0) -> 44.95 | E4: =D4-C4 -> 4.1428571 | F4: =COUNTIFS(Voorstel!$C$4:$C$222,A4,Voorstel!$J$4:$J$222,"Omhoog") -> 17 | G4: =COUNTIFS(Voorstel!$C$4:$C$222,A4,Voorstel!$J$4:$J$222,"Omlaag") -> 3 | H4: =COUNTIFS(Voorstel!$C$4:$C$222,A4,Voorstel!$J$4:$J$222,"Gelijk") -> 15 | I4: =COUNTIFS(Voorstel!$C$4:$C$222,A4,Voorstel!$K$4:$K$222,"controleren") -> 11
A5: Knitwear & hoodies | B5: =COUNTIF(Voorstel!$C$4:$C$222,A5) -> 42 | C5: =IFERROR(AVERAGEIF(Voorstel!$C$4:$C$222,A5,Voorstel!$D$4:$D$222),0) -> 55.188095 | D5: =IFERROR(AVERAGEIF(Voorstel!$C$4:$C$222,A5,Voorstel!$G$4:$G$222),0) -> 59.95 | E5: =D5-C5 -> 4.7619048 | F5: =COUNTIFS(Voorstel!$C$4:$C$222,A5,Voorstel!$J$4:$J$222,"Omhoog") -> 20 | G5: =COUNTIFS(Voorstel!$C$4:$C$222,A5,Voorstel!$J$4:$J$222,"Omlaag") -> 3 | H5: =COUNTIFS(Voorstel!$C$4:$C$222,A5,Voorstel!$J$4:$J$222,"Gelijk") -> 19 | I5: =COUNTIFS(Voorstel!$C$4:$C$222,A5,Voorstel!$K$4:$K$222,"controleren") -> 17
A6: Broeken & jeans | B6: =COUNTIF(Voorstel!$C$4:$C$222,A6) -> 34 | C6: =IFERROR(AVERAGEIF(Voorstel!$C$4:$C$222,A6,Voorstel!$D$4:$D$222),0) -> 56.420588 | D6: =IFERROR(AVERAGEIF(Voorstel!$C$4:$C$222,A6,Voorstel!$G$4:$G$222),0) -> 59.95 | E6: =D6-C6 -> 3.5294118 | F6: =COUNTIFS(Voorstel!$C$4:$C$222,A6,Voorstel!$J$4:$J$222,"Omhoog") -> 16 | G6: =COUNTIFS(Voorstel!$C$4:$C$222,A6,Voorstel!$J$4:$J$222,"Omlaag") -> 7 | H6: =COUNTIFS(Voorstel!$C$4:$C$222,A6,Voorstel!$J$4:$J$222,"Gelijk") -> 11 | I6: =COUNTIFS(Voorstel!$C$4:$C$222,A6,Voorstel!$K$4:$K$222,"controleren") -> 12
A7: Jurken & sets | B7: =COUNTIF(Voorstel!$C$4:$C$222,A7) -> 18 | C7: =IFERROR(AVERAGEIF(Voorstel!$C$4:$C$222,A7,Voorstel!$D$4:$D$222),0) -> 62.172222 | D7: =IFERROR(AVERAGEIF(Voorstel!$C$4:$C$222,A7,Voorstel!$G$4:$G$222),0) -> 64.95 | E7: =D7-C7 -> 2.7777778 | F7: =COUNTIFS(Voorstel!$C$4:$C$222,A7,Voorstel!$J$4:$J$222,"Omhoog") -> 10 | G7: =COUNTIFS(Voorstel!$C$4:$C$222,A7,Voorstel!$J$4:$J$222,"Omlaag") -> 7 | H7: =COUNTIFS(Voorstel!$C$4:$C$222,A7,Voorstel!$J$4:$J$222,"Gelijk") -> 1 | I7: =COUNTIFS(Voorstel!$C$4:$C$222,A7,Voorstel!$K$4:$K$222,"controleren") -> 2
A8: Outerwear | B8: =COUNTIF(Voorstel!$C$4:$C$222,A8) -> 27 | C8: =IFERROR(AVERAGEIF(Voorstel!$C$4:$C$222,A8,Voorstel!$D$4:$D$222),0) -> 81.616667 | D8: =IFERROR(AVERAGEIF(Voorstel!$C$4:$C$222,A8,Voorstel!$G$4:$G$222),0) -> 84.95 | E8: =D8-C8 -> 3.3333333 | F8: =COUNTIFS(Voorstel!$C$4:$C$222,A8,Voorstel!$J$4:$J$222,"Omhoog") -> 17 | G8: =COUNTIFS(Voorstel!$C$4:$C$222,A8,Voorstel!$J$4:$J$222,"Omlaag") -> 10 | H8: =COUNTIFS(Voorstel!$C$4:$C$222,A8,Voorstel!$J$4:$J$222,"Gelijk") -> 0 | I8: =COUNTIFS(Voorstel!$C$4:$C$222,A8,Voorstel!$K$4:$K$222,"controleren") -> 10
A9: Platte schoenen & loafers | B9: =COUNTIF(Voorstel!$C$4:$C$222,A9) -> 21 | C9: =IFERROR(AVERAGEIF(Voorstel!$C$4:$C$222,A9,Voorstel!$D$4:$D$222),0) -> 54.711905 | D9: =IFERROR(AVERAGEIF(Voorstel!$C$4:$C$222,A9,Voorstel!$G$4:$G$222),0) -> 59.95 | E9: =D9-C9 -> 5.2380952 | F9: =COUNTIFS(Voorstel!$C$4:$C$222,A9,Voorstel!$J$4:$J$222,"Omhoog") -> 10 | G9: =COUNTIFS(Voorstel!$C$4:$C$222,A9,Voorstel!$J$4:$J$222,"Omlaag") -> 2 | H9: =COUNTIFS(Voorstel!$C$4:$C$222,A9,Voorstel!$J$4:$J$222,"Gelijk") -> 9 | I9: =COUNTIFS(Voorstel!$C$4:$C$222,A9,Voorstel!$K$4:$K$222,"controleren") -> 9
A10: Sneakers | B10: =COUNTIF(Voorstel!$C$4:$C$222,A10) -> 4 | C10: =IFERROR(AVERAGEIF(Voorstel!$C$4:$C$222,A10,Voorstel!$D$4:$D$222),0) -> 63.7 | D10: =IFERROR(AVERAGEIF(Voorstel!$C$4:$C$222,A10,Voorstel!$G$4:$G$222),0) -> 64.95 | E10: =D10-C10 -> 1.25 | F10: =COUNTIFS(Voorstel!$C$4:$C$222,A10,Voorstel!$J$4:$J$222,"Omhoog") -> 2 | G10: =COUNTIFS(Voorstel!$C$4:$C$222,A10,Voorstel!$J$4:$J$222,"Omlaag") -> 2 | H10: =COUNTIFS(Voorstel!$C$4:$C$222,A10,Voorstel!$J$4:$J$222,"Gelijk") -> 0 | I10: =COUNTIFS(Voorstel!$C$4:$C$222,A10,Voorstel!$K$4:$K$222,"controleren") -> 0
A11: Hakken & nette schoenen | B11: =COUNTIF(Voorstel!$C$4:$C$222,A11) -> 4 | C11: =IFERROR(AVERAGEIF(Voorstel!$C$4:$C$222,A11,Voorstel!$D$4:$D$222),0) -> 63.7 | D11: =IFERROR(AVERAGEIF(Voorstel!$C$4:$C$222,A11,Voorstel!$G$4:$G$222),0) -> 64.95 | E11: =D11-C11 -> 1.25 | F11: =COUNTIFS(Voorstel!$C$4:$C$222,A11,Voorstel!$J$4:$J$222,"Omhoog") -> 1 | G11: =COUNTIFS(Voorstel!$C$4:$C$222,A11,Voorstel!$J$4:$J$222,"Omlaag") -> 0 | H11: =COUNTIFS(Voorstel!$C$4:$C$222,A11,Voorstel!$J$4:$J$222,"Gelijk") -> 3 | I11: =COUNTIFS(Voorstel!$C$4:$C$222,A11,Voorstel!$K$4:$K$222,"controleren") -> 0
A12: Boots | B12: =COUNTIF(Voorstel!$C$4:$C$222,A12) -> 34 | C12: =IFERROR(AVERAGEIF(Voorstel!$C$4:$C$222,A12,Voorstel!$D$4:$D$222),0) -> 72.008824 | D12: =IFERROR(AVERAGEIF(Voorstel!$C$4:$C$222,A12,Voorstel!$G$4:$G$222),0) -> 79.95 | E12: =D12-C12 -> 7.9411765 | F12: =COUNTIFS(Voorstel!$C$4:$C$222,A12,Voorstel!$J$4:$J$222,"Omhoog") -> 18 | G12: =COUNTIFS(Voorstel!$C$4:$C$222,A12,Voorstel!$J$4:$J$222,"Omlaag") -> 0 | H12: =COUNTIFS(Voorstel!$C$4:$C$222,A12,Voorstel!$J$4:$J$222,"Gelijk") -> 16 | I12: =COUNTIFS(Voorstel!$C$4:$C$222,A12,Voorstel!$K$4:$K$222,"controleren") -> 12
A13: Totaal | B13: =SUM(B4:B12) -> 219 | C13: =IFERROR(AVERAGE(Voorstel!$D$4:$D$222),0) -> 59.790183 | D13: =IFERROR(AVERAGE(Voorstel!$G$4:$G$222),0) -> 64.333562 | E13: =D13-C13 -> 4.543379 | F13: =SUM(F4:F12) -> 111 | G13: =SUM(G4:G12) -> 34 | H13: =SUM(H4:H12) -> 74 | I13: =SUM(I4:I12) -> 73
A15: Laagste prijs nu | B15: =MIN(Voorstel!$D$4:$D$222) -> 29.95
A16: Hoogste prijs nu | B16: =MAX(Voorstel!$D$4:$D$222) -> 99.95
A17: Laagste prijs nieuw | B17: =MIN(Voorstel!$G$4:$G$222) -> 44.95
A18: Hoogste prijs nieuw | B18: =MAX(Voorstel!$G$4:$G$222) -> 84.95
A19: Gem. korting nu | B19: =IFERROR(AVERAGE(Voorstel!$M$4:$M$222),0) -> 0.44635044
A20: Gem. korting nieuw | B20: =IFERROR(AVERAGE(Voorstel!$P$4:$P$222),0) -> 0.44764969
A22: Opmerkingen
A23: Uitgangspunt: prijs volgt de productgroep, niet het losse product. Alles onder $44,95 gaat omhoog, alles boven de groepsprijs komt omlaag.
A24: De onderkant ($29,95–$39,95) verdwijnt: met gratis verzending en betaalde advertenties houd je daar te weinig marge over.
A25: De bovenkant ($89,95–$99,95) komt naar $84,95. Boven de $85 zakt de conversie in deze categorie hard en stijgt het retourpercentage.
A26: Compare-at houdt per product hetzelfde kortingspercentage als nu, tenzij je in Tiers de uniforme korting aanzet.
A27: GMC-risico: elk product staat nu op een vaste 40/45/50% korting. Een doorstreepprijs die nooit de echte verkoopprijs was, is in Google Shopping een overtreding. Overweeg de korting te beperken tot 40% en per collectie te variëren.
A28: Deze sheet raakt de store niet. Zodra je hem goedkeurt, voer ik de prijzen via de Shopify API door in batches van maximaal 250 varianten.
